upstream_path	upstream_sha256
internal/conv/conv.go	5d4f7cb9e09fe5b8f447509dde1a7810837e98b73d66b283767c54f7ffb8b038
internal/sha3/doc.go	686a241cc46afc8e6806809cf0c9b8df349a0d2501c3307ad0b55e21e0a09e33
internal/sha3/hashes.go	ee1fa831f94112c4eca3df43acbb904f8e2cb8beeea02b7af23a9eedd0232971
internal/sha3/keccakf.go	c15f0518c95b54a92f3b1743fc314d477391662f0f9217b3d25a2f56a9480835
internal/sha3/rc.go	9f92977d0ff3e571a510f7d596368ad7191bb7c1bc6bc7e4a070e593740d8c5c
internal/sha3/sha3_s390x.s	28282d6961e4e4709c20e382a1db0558d5fa10d94bb59c93f41c83507ce1bb8c
internal/sha3/sha3.go	8628d2d05076d6e2936a7d1705b8eb885bbb41047096eceed60d3b814f69022c
internal/sha3/shake.go	32c1e13016e7a4c4691af435842638d63d7985d1e06fee521571ce8b97676f9b
internal/sha3/xor_generic.go	35f5052004db12f65a93f628bc13bf04d467675a41dbda705abdb8fbf815554f
internal/sha3/xor_unaligned.go	cad6ab92ce4dbbd2ac59983282e680a820b0889b8692803c95e2fc6c3df8193e
internal/sha3/xor.go	e79f6e782a74b6887724161190de359066e24c01c272b76146cc1da5bed30098
kem/kem.go	199b0c4ae90a00764428078282417751bfb08fa89c694936a49f14eaf063ba82
kem/mlkem/mlkem1024/kyber.go	8c8054a38716dd9ad74a32af95275d8d669ec032c046145bf4c79245742e6da1
kem/mlkem/mlkem512/kyber.go	e94be9c14776cf1420cdb4331ba2c25f37304583414d5da16625ede54e237595
kem/mlkem/mlkem768/kyber.go	0e68af5dfe3ff6c4a95c7aac343995b98d4c9b52ca0001ccbeda43648d674dfd
pke/kyber/internal/common/amd64.go	5b17b6f13c79e06145062ba2e47d96114fd6d267585812286574d4c0d10a54cf
pke/kyber/internal/common/amd64.s	cffb18d9f263b93d54c07fb58e860158db02c99d5bf4e204c208d8a4ef340b97
pke/kyber/internal/common/arm64.go	9eef0d3fd32b84c88592460ba5e7a6fc5210809d4940f6dc2e9bfc81ecf06129
pke/kyber/internal/common/arm64.s	9e8df784a5890f00a8a71c3c823e6a3c4e0420da77b6769167721f6669b74612
pke/kyber/internal/common/field.go	d4a56fee5661388b60506f4e8b0b144397f100959d056027c9b928842487854b
pke/kyber/internal/common/generic.go	34ecaeec19d7ea45f3a935a71cb98cbed1740d3eb9c154b2ab5bdd7016538741
pke/kyber/internal/common/ntt.go	cdbbd4b86ae885be4e10c20f9924c241f54384ad01abb99707a63396c7412a8f
pke/kyber/internal/common/params.go	db703b026f2191dd899cc5308b8ae07f0cfdfc3d92c349ada770d6f112bfdfcc
pke/kyber/internal/common/params/params.go	b3a7906f81822b3597c488ce4e5fea6f18a42830ac9c7068d3fd37a85da6dcfe
pke/kyber/internal/common/poly.go	72925eb370270eca0d6f46aa2d07b5d8f5c519302249955582abbd6451688b49
pke/kyber/internal/common/sample.go	f7a76a9dfd34daea6e9a60c2d53f67378d9fa25d8a25ee8183ff2643d69f1c92
pke/kyber/internal/common/stubs_amd64.go	fb68029b99c8dd9bd55849e41782c6eb0aa6e1f59438b0e7a23b450e14679214
pke/kyber/kyber1024/internal/cpapke.go	966a754ffe047ba2520ef4563814b65c578ff4b62ffab9d03980a1e0e0709963
pke/kyber/kyber1024/internal/mat.go	c6b62b88a1f215e330d1ed94df271933b34b84f41af53fe70f828bba4fa99518
pke/kyber/kyber1024/internal/params.go	b13176ba0edb108e7bb02629f35d291d1c14b341dc18c2a75f3f317195cd9a2b
pke/kyber/kyber1024/internal/vec.go	7fb86c9d6b2d3c9dea90e69655de1d8fa7f6724fe379f14a0f057b686388e557
pke/kyber/kyber1024/kyber.go	38855000a8d42955d8e041ea1b953f199d3730fd4a19d276c7c8dfab6950bd9d
pke/kyber/kyber512/internal/cpapke.go	600656909f0e87ca6362a75681e6a6ca4147f028aca5c3a78c1a3b72e0e3df14
pke/kyber/kyber512/internal/mat.go	e7483dd325240fd3330e7e19def31286d900a41fbc1973474d64cd95b1b30b5b
pke/kyber/kyber512/internal/params.go	6f9b7aa9d23c4931eddbc554f802cc52619fc36eed8f7af0b007ee529c2909cb
pke/kyber/kyber512/internal/vec.go	c03d2fec6a160063da43726abdeba1657b60d5c7dcc5da65c1bb6313e6b0032f
pke/kyber/kyber512/kyber.go	010fbad76f0bc360fae05365ec60290682218555740e34f8e99002fb8142a15b
pke/kyber/kyber768/internal/cpapke.go	966a754ffe047ba2520ef4563814b65c578ff4b62ffab9d03980a1e0e0709963
pke/kyber/kyber768/internal/mat.go	c6b62b88a1f215e330d1ed94df271933b34b84f41af53fe70f828bba4fa99518
pke/kyber/kyber768/internal/params.go	00336e8449adfd2d2d3e6bbefac5932df5636447bc26690bb00a6cb880ed586f
pke/kyber/kyber768/internal/vec.go	7fb86c9d6b2d3c9dea90e69655de1d8fa7f6724fe379f14a0f057b686388e557
pke/kyber/kyber768/kyber.go	725ef18f553e34f536f5bf211188a4a04ec344da016b2e5ce8e5cc27463fcc76
sign/internal/dilithium/amd64.go	83d3a7c0775bb74872f1c45318c0e1edfc86461da5849faffe8709b24e449edd
sign/internal/dilithium/amd64.s	dac82de4f53c1d8f2e2d95a53c2e0eebe974e9955423f0987b20086ddd887392
sign/internal/dilithium/arm64.go	fa8c7a819251d461af123994a001c2d8e30d616d498c05b061733c775e1d4089
sign/internal/dilithium/arm64.s	e389cd24d653370f2e1f8ac4ee733fd24dcf22082bc1e119d195cff0cedf37fd
sign/internal/dilithium/field.go	20084585f41f90fd25d7c823adadb3b2607e0cc7fbfc4d943b043793d8ad14fa
sign/internal/dilithium/generic.go	f089c482d88405fa8c1780fe0effb7b1f792bf54be07c181174acddc7fe11c72
sign/internal/dilithium/ntt.go	720aedbe138d4a744010b523aee4d5d722d40c82706f0dec21c58023fd8c6bab
sign/internal/dilithium/pack.go	00a56dfb11bccc690e581f025fe8be900d31b719216cbe7dd557f193954cc381
sign/internal/dilithium/params.go	5c58de0b19b8faede904837129d23bcf76e49f5fb1f5f29e10b2aaa19ba1fef3
sign/internal/dilithium/params/params.go	9376ca07a18f12e618045a49a12a690cb1261e0cb1b2c46d2130ea2260fc0124
sign/internal/dilithium/poly.go	9b3ce827d1a50dc13b545063a0fb3bee726976650689ad035f479d2fceb93bfe
sign/internal/dilithium/stubs_amd64.go	e47ec7d2c1988601433b010138237ecf593f577d2c757f98f0a7ee32ef3b7619
sign/mldsa/mldsa44/dilithium.go	40e69307a8cc72c346fba29443cf941a185c06e4e890b1e03910c8780cab2bdf
sign/mldsa/mldsa44/internal/dilithium.go	d78fe74803502fc32a33f33204bec334ebb818b0c71a6a7ccbb93e13b019ea6e
sign/mldsa/mldsa44/internal/mat.go	12c8d1653c939f79a711abfbe99f9b460fab96074dbbef6eba62087a2c0524dc
sign/mldsa/mldsa44/internal/pack.go	bb78fcf57d6dff9c4c1a262ece7b86539555d881beb104d77898c1a8345d8b6b
sign/mldsa/mldsa44/internal/params.go	ea2870c9c0982ef05aa6aa160d6a262d42c0406f36b3ebe7123b56769d936321
sign/mldsa/mldsa44/internal/rounding.go	d6a1e0b4479bdc43e527b345de2916415fff72a16ce8d695f7255cefa4a73466
sign/mldsa/mldsa44/internal/sample.go	c5000c78d2c52f800870a6120336bdcf30041d6833c41c859961cdb180fd5fe6
sign/mldsa/mldsa44/internal/vec.go	a9e9fe3b6619ff3137ccfb75c2600b8f773128cdc8c0dfa738cb76b538535d1d
sign/mldsa/mldsa65/dilithium.go	247372dd8382fc7ae189fd570288a0a3fc67109d7136d16fd9c2811ddb07884f
sign/mldsa/mldsa65/internal/dilithium.go	d78fe74803502fc32a33f33204bec334ebb818b0c71a6a7ccbb93e13b019ea6e
sign/mldsa/mldsa65/internal/mat.go	12c8d1653c939f79a711abfbe99f9b460fab96074dbbef6eba62087a2c0524dc
sign/mldsa/mldsa65/internal/pack.go	bb78fcf57d6dff9c4c1a262ece7b86539555d881beb104d77898c1a8345d8b6b
sign/mldsa/mldsa65/internal/params.go	abd1ab320a04fe013df63a472699e755412e9f903f496e173169203c9bfaaf30
sign/mldsa/mldsa65/internal/rounding.go	d6a1e0b4479bdc43e527b345de2916415fff72a16ce8d695f7255cefa4a73466
sign/mldsa/mldsa65/internal/sample.go	c5000c78d2c52f800870a6120336bdcf30041d6833c41c859961cdb180fd5fe6
sign/mldsa/mldsa65/internal/vec.go	a9e9fe3b6619ff3137ccfb75c2600b8f773128cdc8c0dfa738cb76b538535d1d
sign/mldsa/mldsa87/dilithium.go	bb67bf474a52e1cde0f0a0aa4732e2e7c97a37db31fee9b652740d1c07665b77
sign/mldsa/mldsa87/internal/dilithium.go	d78fe74803502fc32a33f33204bec334ebb818b0c71a6a7ccbb93e13b019ea6e
sign/mldsa/mldsa87/internal/mat.go	12c8d1653c939f79a711abfbe99f9b460fab96074dbbef6eba62087a2c0524dc
sign/mldsa/mldsa87/internal/pack.go	bb78fcf57d6dff9c4c1a262ece7b86539555d881beb104d77898c1a8345d8b6b
sign/mldsa/mldsa87/internal/params.go	7aeec4c29716be70275b81c99a039f5f233f82c2532a53bacdba0f897b326e83
sign/mldsa/mldsa87/internal/rounding.go	d6a1e0b4479bdc43e527b345de2916415fff72a16ce8d695f7255cefa4a73466
sign/mldsa/mldsa87/internal/sample.go	c5000c78d2c52f800870a6120336bdcf30041d6833c41c859961cdb180fd5fe6
sign/mldsa/mldsa87/internal/vec.go	a9e9fe3b6619ff3137ccfb75c2600b8f773128cdc8c0dfa738cb76b538535d1d
sign/sign.go	3fdd84fa2a9e87a1389bfa0984b83a12ace98b7676c3d2a9b2e7b774875d5dc9
sign/slhdsa/address.go	91b4222da78ce922521beeab7b5aa3ce9568b84f14e499a4cc3f3a74d99bc181
sign/slhdsa/fors.go	cb6b628687a51499999f136d75e96fe11f93a8db0ec2d35fff6870d963651ef7
sign/slhdsa/hypertree.go	929b38dea00d8db57bbf37428cf081f5bcda25ca0a8080d9b83fac943e1d4d26
sign/slhdsa/internal.go	00ee64bae8be3b5fb2177e5e9f99d742f2188fbe00f9907ccccb77ef7941305d
sign/slhdsa/keys.go	e9398a022c9c9587ef6b9251483be9f9882fd474c92ec197b29c582f0794c063
sign/slhdsa/message.go	d54be00d3869721c7cf0bb7b346830a21bd55b0393d3439eb83c24c6e9d1694c
sign/slhdsa/params.go	363d1b1b973a611812f46e7c875caa70d4e18f8a537f333f5a976c8fcbfb3b9a
sign/slhdsa/scheme.go	5bd910d74d1091291e27b6f6273cf3cad297425ecdf1d75006663e4a0bfe1ad8
sign/slhdsa/slhdsa.go	f8f372e996e138739cc77831a5e388fc4e55b44f44b1037cc7bea3e7a8f2500e
sign/slhdsa/state.go	9e08f7a7c6f73fc54e89f7afa302e18ff370eb66043588b09d8583964827dd78
sign/slhdsa/wotsp.go	5efd021208c7b6cbaeba298a8241f1d07bc9a063503b04814a535573e2f7dbaa
sign/slhdsa/xmss.go	cea3a1c7ee7cdf58546b0ac87fc667ce932b4ba9eebde3d7fc4ba50c4da15df5
simd/keccakf1600/f1600x.go	9473d0125ae199339058821e0e07986bc47eb2d4a6aee1ec87aa5700557f2166
simd/keccakf1600/f1600x2_arm64.go	6de793c4fd2c8b2de2a44bc4771819362fb10ced91356ef150e052f13c89054d
simd/keccakf1600/f1600x2_arm64.s	e92192a7aadec8ef87b6494117da0d98b8b2591255584f641b71080711d8e2b6
simd/keccakf1600/f1600x4_amd64.go	89d2496905e2a8c22f2b80c7011a53563582c64b91778a98d2935c2778131d5d
simd/keccakf1600/f1600x4_amd64.s	6ca6ff8f9cccf356e1701258909890cf86e88c24199955c651c2243ea3833a58
simd/keccakf1600/f1600x4stubs_amd64.go	e3e0f5128700924043a924b3b50a75bdcad4812a193907b457deb21fae106aea
simd/keccakf1600/fallback.go	25709ab46737d6c16133499de7ff419245a9ee4507303b436a407965ca3756f7
xof/k12/k12.go	0462f5423e2cc47e96b595ab6d9a10bfaa0cbeefa05329130f4bc594db63f411
xof/xof.go	406c1b4270cb21bce0a510f5e44416a3628118a2c48c61659168d845123f5754
